{
    "background": 3,
    "blocks": [
        {
            "blockType": 3,
            "position": {
                "x": -2.3249998092651369,
                "y": 1.350000023841858,
                "z": 0.0
            }
        },
        {
            "blockType": 3,
            "position": {
                "x": 3.875,
                "y": 2.1499998569488527,
                "z": 0.0
            }
        },
        {
            "blockType": 3,
            "position": {
                "x": 3.875,
                "y": 0.550000011920929,
                "z": 0.0
            }
        },
        {
            "blockType": 3,
            "position": {
                "x": 0.7749999761581421,
                "y": -0.25,
                "z": 0.0
            }
        }
    ]
}